id,proyecto,provincia,tecnologia,ronda,potencia_mw,latitud,longitud,avance,estado,periodo_max,geojson
108-BM-01,C.T. GARRUCHOS,CORRIENTES,BIOMASA,RESOLUCIÓN 108/2011,36,-27.949589,-55.993064,1,Finalizado,202111,"{""type"":""Point"",""coordinates"":[-55.993064,-27.949589]}"
108-EOL-01,P.E. NECOCHEA ,BUENOS AIRES,EÓLICA,RESOLUCIÓN 108/2011,0.25,-38.60429722,-58.79039722,1,Finalizado,202111,"{""type"":""Point"",""coordinates"":[-58.79039722,-38.60429722]}"
108-EOL-02,P.E. DIADEMA ,CHUBUT,EÓLICA,RESOLUCIÓN 108/2011,6.3,-45.74651111,-67.69478333,1,Finalizado,202111,"{""type"":""Point"",""coordinates"":[-67.69478333,-45.74651111]}"
108-EOL-03,P.E. TORDILLO,CHUBUT,EÓLICA,RESOLUCIÓN 108/2011,3,-45.85096,-67.90829,1,Finalizado,202111,"{""type"":""Point"",""coordinates"":[-67.90829,-45.85096]}"
108-EOL-04,P.E. ARAUCO I ETAPA I,LA RIOJA,EÓLICA,RESOLUCIÓN 108/2011,25.2,-28.66835,-66.75241,1,Finalizado,202111,"{""type"":""Point"",""coordinates"":[-66.75241,-28.66835]}"
108-EOL-05,P.E. ARAUCO I ETAPA II,LA RIOJA,EÓLICA,RESOLUCIÓN 108/2011,25.2,-28.66835,-66.75241,1,Finalizado,202111,"{""type"":""Point"",""coordinates"":[-66.75241,-28.66835]}"
108-EOL-06,P.E. EL JUME,SANTIAGO DEL ESTERO,EÓLICA,RESOLUCIÓN 108/2011,8,-29.41893889,-63.71035,1,Finalizado,202111,"{""type"":""Point"",""coordinates"":[-63.71035,-29.41893889]}"
108-PAH-01,P.A.H. SALTO ANDERSEN,LA PAMPA,PAH,RESOLUCIÓN 108/2011,7.9,-38.82148,-64.817286,1,Finalizado,202111,"{""type"":""Point"",""coordinates"":[-64.817286,-38.82148]}"
108-SFV-01,P.S. SAN JUAN I ,SAN JUAN,SOLAR,RESOLUCIÓN 108/2011,1.2,-31.389074,-68.675235,1,Finalizado,202111,"{""type"":""Point"",""coordinates"":[-68.675235,-31.389074]}"
137-PAH-01,P.A.H. NIHUIL IV,MENDOZA,PAH,RESOLUCIÓN 137/2011,30,-34.90399,-68.617607,1,Finalizado,202111,"{""type"":""Point"",""coordinates"":[-68.617607,-34.90399]}"
BG-01,C.T. RÍO CUARTO I,CÓRDOBA,BIOGÁS,RENOVAR RONDA 1,2,-33.18534722,-64.38525833,1,Finalizado,202111,"{""type"":""Point"",""coordinates"":[-64.38525833,-33.18534722]}"
BG-02,C.T. RÍO CUARTO II,CÓRDOBA,BIOGÁS,RENOVAR RONDA 1,1.2,-33.17822222,-64.38319444,1,Finalizado,202111,"{""type"":""Point"",""coordinates"":[-64.38319444,-33.17822222]}"
BG-03,C.T. YANQUETRUZ,SAN LUIS,BIOGÁS,RENOVAR RONDA 1,1.2,-33.37818611,-65.56849167,1,Finalizado,202111,"{""type"":""Point"",""coordinates"":[-65.56849167,-33.37818611]}"
BG-04,C.T. SAN PEDRO VERDE,SANTA FE,BIOGÁS,RENOVAR RONDA 1,1.415,-34.22269722,-62.07718611,1,Finalizado,202111,"{""type"":""Point"",""coordinates"":[-62.07718611,-34.22269722]}"
BG-06,C.T. BIOGÁS RICARDONE,SANTA FE,BIOGÁS,RENOVAR RONDA 1,1.2,-32.81138889,-60.765,0.7,En Construcción,202111,"{""type"":""Point"",""coordinates"":[-60.765,-32.81138889]}"
BG-3500,C.T. BIOANGLO,CÓRDOBA,BIOGÁS,RENOVAR RONDA 3,1,-29.86613056,-63.41247778,0,No iniciado,202111,"{""type"":""Point"",""coordinates"":[-63.41247778,-29.86613056]}"
BG-3501,C.T. BIO DE SOUZA,BUENOS AIRES,BIOGÁS,RENOVAR RONDA 3,0.55,-37.657,-61.874,0.7,En Construcción,202111,"{""type"":""Point"",""coordinates"":[-61.874,-37.657]}"
BG-3502,C.T. BELL VILLE,CÓRDOBA,BIOGÁS,RENOVAR RONDA 3,1.2,-32.62162778,-62.63335556,0,No iniciado,202111,"{""type"":""Point"",""coordinates"":[-62.63335556,-32.62162778]}"
BG-3503,C.T. BIO-EITTOR ENERGY,BUENOS AIRES,BIOGÁS,RENOVAR RONDA 3,1.2,-34.074,-59.075,0.9,En Construcción,202111,"{""type"":""Point"",""coordinates"":[-59.075,-34.074]}"
BG-3504,C.T. ADECOAGRO ENERGÍA,SANTA FE,BIOGÁS,RENOVAR RONDA 3,2,-34.197744,-62.120528,0,No iniciado,202111,"{""type"":""Point"",""coordinates"":[-62.120528,-34.197744]}"
BG-3507,C.T. BIOGAS ROJAS,BUENOS AIRES,BIOGÁS,RENOVAR RONDA 3,2.9,-34.193832,-60.711822,0,No iniciado,202111,"{""type"":""Point"",""coordinates"":[-60.711822,-34.193832]}"
BG-3508,C.T. BIOGAS SALTO,BUENOS AIRES,BIOGÁS,RENOVAR RONDA 3,2.9,-34.336587,-60.293077,0,No iniciado,202111,"{""type"":""Point"",""coordinates"":[-60.293077,-34.336587]}"
BG-3509,C.T. BIOGAS VENADO TUERTO II,SANTA FE,BIOGÁS,RENOVAR RONDA 3,1.45,-33.785396,-61.944857,0,No iniciado,202111,"{""type"":""Point"",""coordinates"":[-61.944857,-33.785396]}"
BG-3510,C.T. GORINA ENERGIA,BUENOS AIRES,BIOGÁS,RENOVAR RONDA 3,1.5,-34.925329,-58.048803,0.2,En Construcción,202111,"{""type"":""Point"",""coordinates"":[-58.048803,-34.925329]}"
BG-3511,C.T. BIOGAS SAN LUIS,SAN LUIS,BIOGÁS,RENOVAR RONDA 3,2,-33.634102,-65.524611,0,No iniciado,202111,"{""type"":""Point"",""coordinates"":[-65.524611,-33.634102]}"
BG-500,C.T. BOMBAL BIOGÁS,SANTA FE,BIOGÁS,RENOVAR RONDA 2,1.2,-33.44072709,-61.30139296,0.15,En Construcción,202111,"{""type"":""Point"",""coordinates"":[-61.30139296,-33.44072709]}"
BG-501,C.T. ARREBEEF ENERGIA,BUENOS AIRES,BIOGÁS,RENOVAR RONDA 2,1.5,-33.76249343,-60.09065779,1,Finalizado,202111,"{""type"":""Point"",""coordinates"":[-60.09065779,-33.76249343]}"
BG-502,C.T. POLLOS SAN MATEO,CÓRDOBA,BIOGÁS,RENOVAR RONDA 2,2.4,-31.16801055,-64.13049123,0.85,En Construcción,202111,"{""type"":""Point"",""coordinates"":[-64.13049123,-31.16801055]}"
BG-503,C.T. JAMES CRAIK,CÓRDOBA,BIOGÁS,RENOVAR RONDA 2,2.4,-32.14518398,-63.43633971,0,No iniciado,202111,"{""type"":""Point"",""coordinates"":[-63.43633971,-32.14518398]}"
BG-504,C.T. RECREO,SANTA FE,BIOGÁS,RENOVAR RONDA 2,2.4,-31.54284935,-60.71653142,0,No iniciado,202111,"{""type"":""Point"",""coordinates"":[-60.71653142,-31.54284935]}"
BG-505,C.T. SAN FRANCISCO,CÓRDOBA,BIOGÁS,RENOVAR RONDA 2,2.4,-31.4818527,-62.13125039,0,No iniciado,202111,"{""type"":""Point"",""coordinates"":[-62.13125039,-31.4818527]}"
BG-506,C.T. BELLA ITALIA,SANTA FE,BIOGÁS,RENOVAR RONDA 2,2.4,-31.28637453,-61.39256753,0,No iniciado,202111,"{""type"":""Point"",""coordinates"":[-61.39256753,-31.28637453]}"
BG-507,C.T. PACUCA BIO ENERGIA,BUENOS AIRES,BIOGÁS,RENOVAR RONDA 2,1,-35.38294846,-59.44294606,1,Finalizado,202111,"{""type"":""Point"",""coordinates"":[-59.44294606,-35.38294846]}"
BG-508,C.T. AB ENERGIA,LA PAMPA,BIOGÁS,RENOVAR RONDA 2,2,-37.9016646,-67.71492985,1,Finalizado,202111,"{""type"":""Point"",""coordinates"":[-67.71492985,-37.9016646]}"
BG-510,C.T. RESENER I,BUENOS AIRES,BIOGÁS,RENOVAR RONDA 2,0.72,-38.6952054,-62.46510068,1,Finalizado,202111,"{""type"":""Point"",""coordinates"":[-62.46510068,-38.6952054]}"
BG-511,C.T. ENRECO,CÓRDOBA,BIOGÁS,RENOVAR RONDA 2,2,-33.36658744,-62.54029554,1,Finalizado,202111,"{""type"":""Point"",""coordinates"":[-62.54029554,-33.36658744]}"
BG-512,C.T. SANTIAGO ENERGÍAS RENOVABLES,SANTIAGO DEL ESTERO,BIOGÁS,RENOVAR RONDA 2,3,-28.28494337,-61.76078211,0.4,En Construcción,202111,"{""type"":""Point"",""coordinates"":[-61.76078211,-28.28494337]}"
BG-513,C.T. GENERAL VILLEGAS,BUENOS AIRES,BIOGÁS,RENOVAR RONDA 2,1.2,-35.17519696,-63.22722113,0.85,En Construcción,202111,"{""type"":""Point"",""coordinates"":[-63.22722113,-35.17519696]}"
BG-514,AMPLIACION 2 CENTRAL BIOELECTRICA,CÓRDOBA,BIOGÁS,RENOVAR RONDA 2,1.2,-33.18419722,-64.38467778,1,Finalizado,202111,"{""type"":""Point"",""coordinates"":[-64.38467778,-33.18419722]}"
BG-515,AMPLIACION BIOELECTRICA DOS,CÓRDOBA,BIOGÁS,RENOVAR RONDA 2,1.2,-33.18061851,-64.3822149,1,Finalizado,202111,"{""type"":""Point"",""coordinates"":[-64.3822149,-33.18061851]}"
BG-516,C.T. BIO JUSTO DARACT,SAN LUIS,BIOGÁS,RENOVAR RONDA 2,1,-33.9142312,-65.17868472,1,Finalizado,202111,"{""type"":""Point"",""coordinates"":[-65.17868472,-33.9142312]}"
BG-517,C.T. BIOGENERADORA SANTA CATALINA,CÓRDOBA,BIOGÁS,RENOVAR RONDA 2,2,-33.22026151,-64.44732132,1,Finalizado,202111,"{""type"":""Point"",""coordinates"":[-64.44732132,-33.22026151]}"
BG-518,AMPLIACION YANQUETRUZ II,SAN LUIS,BIOGÁS,RENOVAR RONDA 2,0.8,-33.37773378,-65.57023868,1,Finalizado,202111,"{""type"":""Point"",""coordinates"":[-65.57023868,-33.37773378]}"
BG-519,C.T. TIGONBÚ ENERGÍA,SAN LUIS,BIOGÁS,RENOVAR RONDA 2,2,-34.81628611,-65.26749722,1,Finalizado,202111,"{""type"":""Point"",""coordinates"":[-65.26749722,-34.81628611]}"
BG-521,C.T. BIOCAÑA,SANTA FE,BIOGÁS,RENOVAR RONDA 2,3,-34.02276269,-61.65125109,0,No iniciado,202111,"{""type"":""Point"",""coordinates"":[-61.65125109,-34.02276269]}"
BG-522,C.T. PERGAMINO,BUENOS AIRES,BIOGÁS,RENOVAR RONDA 2,2.4,-33.92607287,-60.54184991,1,Finalizado,202111,"{""type"":""Point"",""coordinates"":[-60.54184991,-33.92607287]}"
BG-523,C.T. VENADO TUERTO,SANTA FE,BIOGÁS,RENOVAR RONDA 2,1.998,-33.69894354,-62.04373219,1,Finalizado,202111,"{""type"":""Point"",""coordinates"":[-62.04373219,-33.69894354]}"
BG-524,C.T. GENERAL ALVEAR,BUENOS AIRES,BIOGÁS,RENOVAR RONDA 2,1,-36.01651298,-60.10651858,1,Finalizado,202111,"{""type"":""Point"",""coordinates"":[-60.10651858,-36.01651298]}"
BG-525,C.T. EL MANGRULLO,BUENOS AIRES,BIOGÁS,RENOVAR RONDA 2,2,-35.79197669,-60.08019212,0,No iniciado,202111,"{""type"":""Point"",""coordinates"":[-60.08019212,-35.79197669]}"
BG-526,C.T. AVELLANEDA,SANTA FE,BIOGÁS,RENOVAR RONDA 2,6,-29.11834997,-59.64078665,1,Finalizado,202111,"{""type"":""Point"",""coordinates"":[-59.64078665,-29.11834997]}"
BG-527,C.T. CITRUSVIL,TUCUMAN,BIOGÁS,RENOVAR RONDA 2,3,-26.85381333,-65.13546757,1,Finalizado,202111,"{""type"":""Point"",""coordinates"":[-65.13546757,-26.85381333]}"
BG-528,C.T. GIGENA I,CÓRDOBA,BIOGÁS,RENOVAR RONDA 2,1,-32.78613791,-64.19513229,1,Finalizado,202111,"{""type"":""Point"",""coordinates"":[-64.19513229,-32.78613791]}"
BG-529,C.T. VILLA DEL ROSARIO,CÓRDOBA,BIOGÁS,RENOVAR RONDA 2,1,-31.5773278,-63.55268121,1,Finalizado,202111,"{""type"":""Point"",""coordinates"":[-63.55268121,-31.5773278]}"
BG-530,C.T. DEL REY,SANTA FE,BIOGÁS,RENOVAR RONDA 2,1,-29.13859167,-59.65981667,0,No iniciado,202111,"{""type"":""Point"",""coordinates"":[-59.65981667,-29.13859167]}"
BG-531,C.T. DON NICANOR,SANTA FE,BIOGÁS,RENOVAR RONDA 2,1,-29.14021944,-59.87647222,0,No iniciado,202111,"{""type"":""Point"",""coordinates"":[-59.87647222,-29.14021944]}"
BM-01,C.T. GENERACIÓN BIOMASA SANTA ROSA,CORRIENTES,BIOMASA,RENOVAR RONDA 1,12.5,-28.238421,-58.067275,1,Finalizado,202111,"{""type"":""Point"",""coordinates"":[-58.067275,-28.238421]}"
BM-05,C.T. PINDÓ ECO-ENERGÍA,MISIONES,BIOMASA,RENOVAR RONDA 1,2,-26.028333,-54.584444,1,Finalizado,202111,"{""type"":""Point"",""coordinates"":[-54.584444,-26.028333]}"
BM-202-01,C.T. LA FLORIDA,TUCUMAN,BIOMASA,RESOLUCIÓN 202/2016,45,-26.81527778,-65.08527778,0.45,En Construcción,202111,"{""type"":""Point"",""coordinates"":[-65.08527778,-26.81527778]}"
BM-400,C.T. COGENERACIÓN INGENIO LEALES,TUCUMAN,BIOMASA,RENOVAR RONDA 2,2,-27.07406079,-65.2291363,1,Finalizado,202111,"{""type"":""Point"",""coordinates"":[-65.2291363,-27.07406079]}"
BM-401,C.T. PRODEMAN BIOENERGIA,CÓRDOBA,BIOMASA,RENOVAR RONDA 2,9,-32.79425162,-63.86545902,1,Finalizado,202111,"{""type"":""Point"",""coordinates"":[-63.86545902,-32.79425162]}"
BM-404,C.T. KUERA SANTO TOME,CORRIENTES,BIOMASA,RENOVAR RONDA 2,12.92,-28.57686825,-56.02242077,0.1,En Construcción,202111,"{""type"":""Point"",""coordinates"":[-56.02242077,-28.57686825]}"
BM-405,C.T. TICINO BIOMASA S.A.,CÓRDOBA,BIOMASA,RENOVAR RONDA 2,3,-32.70181804,-63.43379881,1,Finalizado,202111,"{""type"":""Point"",""coordinates"":[-63.43379881,-32.70181804]}"
BM-407,C.T. ROJAS,BUENOS AIRES,BIOMASA,RENOVAR RONDA 2,7,-34.19986522,-60.6867836,0,No iniciado,202111,"{""type"":""Point"",""coordinates"":[-60.6867836,-34.19986522]}"
BM-408,C.T. VENADO TUERTO,SANTA FE,BIOMASA,RENOVAR RONDA 2,7,-33.69909577,-62.04147204,0,No iniciado,202111,"{""type"":""Point"",""coordinates"":[-62.04147204,-33.69909577]}"
BM-409,C.T. BIOMASA UNITAN,CHACO,BIOMASA,RENOVAR RONDA 2,6.6,-27.37139336,-59.08748444,0.99,En Construcción,202111,"{""type"":""Point"",""coordinates"":[-59.08748444,-27.37139336]}"
BM-410,C.T. SAN ALONSO,CORRIENTES,BIOMASA,RENOVAR RONDA 2,37,-27.9462337,-56.00046929,0.8,En Construcción,202111,"{""type"":""Point"",""coordinates"":[-56.00046929,-27.9462337]}"
BM-411,C.T.  GENERACIÓN LAS JUNTURAS,CÓRDOBA,BIOMASA,RENOVAR RONDA 2,0.5,-31.83051891,-63.43202319,1,Finalizado,202111,"{""type"":""Point"",""coordinates"":[-63.43202319,-31.83051891]}"
BM-412,C.T. BIOMASA LA FLORIDA,TUCUMAN,BIOMASA,RENOVAR RONDA 2,19,-26.80912482,-65.08754961,0,No iniciado,202111,"{""type"":""Point"",""coordinates"":[-65.08754961,-26.80912482]}"
BM-413,C.T. LAS LOMITAS,FORMOSA,BIOMASA,RENOVAR RONDA 2,10,-24.48382574,-60.39115203,0.43,En Construcción,202111,"{""type"":""Point"",""coordinates"":[-60.39115203,-24.48382574]}"
BM-414,C.T. LA ESCONDIDA,CHACO,BIOMASA,RENOVAR RONDA 2,10,-27.1045742,-59.44292891,1,Finalizado,202111,"{""type"":""Point"",""coordinates"":[-59.44292891,-27.1045742]}"
BM-416,C.T. FERMOSA S.A.,FORMOSA,BIOMASA,RENOVAR RONDA 2,6,-26.08459747,-58.28027096,0,No iniciado,202111,"{""type"":""Point"",""coordinates"":[-58.28027096,-26.08459747]}"
BM-417,C.T. BM MM BIOENERGIA,MISIONES,BIOMASA,RENOVAR RONDA 2,3,-27.63032594,-55.43592348,1,Finalizado,202111,"{""type"":""Point"",""coordinates"":[-55.43592348,-27.63032594]}"
BM-418,C.T. CAPITAN SARMIENTO,BUENOS AIRES,BIOMASA,RENOVAR RONDA 2,7.2,-34.1632852,-59.7667703,0.1,En Construcción,202111,"{""type"":""Point"",""coordinates"":[-59.7667703,-34.1632852]}"
BRS-3600,C.T. BIOGAS SAN MARTIN NORTE III D,BUENOS AIRES,BRS,RENOVAR RONDA 3,5,-34.520754,-58.627213,1,Finalizado,202111,"{""type"":""Point"",""coordinates"":[-58.627213,-34.520754]}"
BRS-600,C.T. RICARDONE II,SANTA FE,BRS,RENOVAR RONDA 2,3.12,-32.81018333,-60.76643333,0.3,En Construcción,202111,"{""type"":""Point"",""coordinates"":[-60.76643333,-32.81018333]}"
BRS-602,C.T. GONZALEZ CATAN,BUENOS AIRES,BRS,RENOVAR RONDA 2,5,-34.74240624,-58.65754997,0.95,En Construcción,202111,"{""type"":""Point"",""coordinates"":[-58.65754997,-34.74240624]}"
BRS-603,C.T. ENSENADA,BUENOS AIRES,BRS,RENOVAR RONDA 2,5,-34.86173705,-57.966106,1,Finalizado,202111,"{""type"":""Point"",""coordinates"":[-57.966106,-34.86173705]}"
EOL-003,P.E. ENERGETICA I,BUENOS AIRES,EÓLICA,RENOVAR RONDA 2,79.8,-38.36213914,-62.22491805,1,Finalizado,202111,"{""type"":""Point"",""coordinates"":[-62.22491805,-38.36213914]}"
EOL-004,P.E. GENERAL ACHA,LA PAMPA,EÓLICA,RENOVAR RONDA 2,60,-37.52356965,-64.6601817,0.05,En Construcción,202111,"{""type"":""Point"",""coordinates"":[-64.6601817,-37.52356965]}"
EOL-016,P.E. CHUBUT NORTE IV,CHUBUT,EÓLICA,RENOVAR RONDA 2,82.8,-42.61023352,-65.18158513,1,Finalizado,202111,"{""type"":""Point"",""coordinates"":[-65.18158513,-42.61023352]}"
EOL-020,P.E. CHUBUT NORTE III,CHUBUT,EÓLICA,RENOVAR RONDA 2,57.6,-42.56166329,-65.19153851,1,Finalizado,202111,"{""type"":""Point"",""coordinates"":[-65.19153851,-42.56166329]}"
EOL-022,P.E. SAN JORGE Y EL MATACO,BUENOS AIRES,EÓLICA,RENOVAR RONDA 2,200,-38.33439747,-62.28613435,1,Finalizado,202111,"{""type"":""Point"",""coordinates"":[-62.28613435,-38.33439747]}"
EOL-029,P.E. ARAUCO II (ETAPA 5 Y 6),LA RIOJA,EÓLICA,RENOVAR RONDA 2,100,-28.70979199,-66.72083321,0.25,En Construcción,202111,"{""type"":""Point"",""coordinates"":[-66.72083321,-28.70979199]}"
EOL-035,P.E. CAÑADON LEON,SANTA CRUZ,EÓLICA,RENOVAR RONDA 2,99,-46.58758672,-67.66143294,0.95,En Construcción,202111,"{""type"":""Point"",""coordinates"":[-67.66143294,-46.58758672]}"
EOL-041,P.E. LA GENOVEVA,BUENOS AIRES,EÓLICA,RENOVAR RONDA 2,86.625,-38.57195723,-61.94553195,1,Finalizado,202111,"{""type"":""Point"",""coordinates"":[-61.94553195,-38.57195723]}"
EOL-049,P.E. DIADEMA II,CHUBUT,EÓLICA,RENOVAR RONDA 2,27.6,-45.75402222,-67.66545556,1,Finalizado,202111,"{""type"":""Point"",""coordinates"":[-67.66545556,-45.75402222]}"
EOL-05,P.E. VIENTOS LOS HÉRCULES,SANTA CRUZ,EÓLICA,RENOVAR RONDA 1,97.2,-46.6334,-68.38951944,1,Finalizado,202111,"{""type"":""Point"",""coordinates"":[-68.38951944,-46.6334]}"
EOL-051,P.E. VIENTOS FRAY GUEN,BUENOS AIRES,EÓLICA,RENOVAR RONDA 2,100,-38.24787295,-58.1180681,0,No iniciado,202111,"{""type"":""Point"",""coordinates"":[-58.1180681,-38.24787295]}"
EOL-06,P.E. VILLALONGA,BUENOS AIRES,EÓLICA,RENOVAR RONDA 1,50,-40.047221,-62.665268,1,Finalizado,202111,"{""type"":""Point"",""coordinates"":[-62.665268,-40.047221]}"
EOL-08,P.E. CHUBUT NORTE,CHUBUT,EÓLICA,RENOVAR RONDA 1,28.35,-42.57453889,-65.11999444,1,Finalizado,202111,"{""type"":""Point"",""coordinates"":[-65.11999444,-42.57453889]}"
EOL-1009,P.E. POMONA I,RÍO NEGRO,EÓLICA,RENOVAR RONDA 1.5,100,-39.56853817,-65.76075293,1,Finalizado,202111,"{""type"":""Point"",""coordinates"":[-65.76075293,-39.56853817]}"
EOL-1019,P.E. LA BANDERITA,LA PAMPA,EÓLICA,RENOVAR RONDA 1.5,36.75,-37.4851724,-64.76484407,1,Finalizado,202111,"{""type"":""Point"",""coordinates"":[-64.76484407,-37.4851724]}"
EOL-1020,P.E. DEL BICENTENARIO,SANTA CRUZ,EÓLICA,RENOVAR RONDA 1.5,100,-47.26352778,-67.03613889,1,Finalizado,202111,"{""type"":""Point"",""coordinates"":[-67.03613889,-47.26352778]}"
EOL-1027,P.E. LOMA BLANCA VI,CHUBUT,EÓLICA,RENOVAR RONDA 1.5,100,-42.9520806,-65.377025,1,Finalizado,202111,"{""type"":""Point"",""coordinates"":[-65.377025,-42.9520806]}"
EOL-1029,P.E. MIRAMAR,BUENOS AIRES,EÓLICA,RENOVAR RONDA 1.5,97.65,-38.22385833,-58.04305,1,Finalizado,202111,"{""type"":""Point"",""coordinates"":[-58.04305,-38.22385833]}"
EOL-1032,P.E. EL SOSNEADO,MENDOZA,EÓLICA,RENOVAR RONDA 1.5,50,-34.82712778,-69.30805278,0,No iniciado,202111,"{""type"":""Point"",""coordinates"":[-69.30805278,-34.82712778]}"
EOL-1037,P.E. ACHIRAS,CÓRDOBA,EÓLICA,RENOVAR RONDA 1.5,48,-33.20954722,-65.11047778,1,Finalizado,202111,"{""type"":""Point"",""coordinates"":[-65.11047778,-33.20954722]}"
EOL-1045,P.E. PAMPA,BUENOS AIRES,EÓLICA,RENOVAR RONDA 1.5,100,-38.84625556,-60.30546389,0,No iniciado,202111,"{""type"":""Point"",""coordinates"":[-60.30546389,-38.84625556]}"
EOL-1047,P.E. ARAUCO II (ETAPA 3 Y 4),LA RIOJA,EÓLICA,RENOVAR RONDA 1.5,95,-28.71475345,-66.6963084,0.7,En Construcción,202111,"{""type"":""Point"",""coordinates"":[-66.6963084,-28.71475345]}"
EOL-1048,P.E. VIENTOS DE NECOCHEA I,BUENOS AIRES,EÓLICA,RENOVAR RONDA 1.5,37.95,-38.6130917,-58.824175,1,Finalizado,202111,"{""type"":""Point"",""coordinates"":[-58.824175,-38.6130917]}"
EOL-14,P.E. GARCÍA DEL RÍO,BUENOS AIRES,EÓLICA,RENOVAR RONDA 1,10,-38.41191496,-62.26669312,1,Finalizado,202111,"{""type"":""Point"",""coordinates"":[-62.26669312,-38.41191496]}"
EOL-15,P.E. CERRO ALTO,NEUQUÉN,EÓLICA,RENOVAR RONDA 1,50,-40.775855,-70.551205,0.05,En Construcción,202111,"{""type"":""Point"",""coordinates"":[-70.551205,-40.775855]}"
EOL-16,P.E. LOS MEANDROS,NEUQUÉN,EÓLICA,RENOVAR RONDA 1,75,-38.85781281,-68.8557134,0.05,En Construcción,202111,"{""type"":""Point"",""coordinates"":[-68.8557134,-38.85781281]}"
EOL-17,P.E. VIENTOS DEL SECANO,BUENOS AIRES,EÓLICA,RENOVAR RONDA 1,50,-39.20165957,-62.57345819,1,Finalizado,202111,"{""type"":""Point"",""coordinates"":[-62.57345819,-39.20165957]}"
EOL-202-01,P.E. KOLUEL KAIKE II,SANTA CRUZ,EÓLICA,RESOLUCIÓN 202/2016,25,-46.364241,-67.84137,0,No iniciado,202111,"{""type"":""Point"",""coordinates"":[-67.84137,-46.364241]}"
EOL-202-02,P.E. MALASPINA I,CHUBUT,EÓLICA,RESOLUCIÓN 202/2016,50,-44.97572,-67.05921,1,Finalizado,202111,"{""type"":""Point"",""coordinates"":[-67.05921,-44.97572]}"
EOL-202-03,P.E PUERTO MADRYN I,CHUBUT,EÓLICA,RESOLUCIÓN 202/2016,70,-42.67628611,-65.20771944,1,Finalizado,202111,"{""type"":""Point"",""coordinates"":[-65.20771944,-42.67628611]}"
EOL-202-04,P.E PUERTO MADRYN II,CHUBUT,EÓLICA,RESOLUCIÓN 202/2016,150,-42.67998611,-65.33006944,1,Finalizado,202111,"{""type"":""Point"",""coordinates"":[-65.33006944,-42.67998611]}"
EOL-202-08,P.E. LOMA BLANCA I,CHUBUT,EÓLICA,RESOLUCIÓN 202/2016,50,-43.050596,-65.191824,1,Finalizado,202111,"{""type"":""Point"",""coordinates"":[-65.191824,-43.050596]}"
EOL-202-09,P.E. LOMA BLANCA II,CHUBUT,EÓLICA,RESOLUCIÓN 202/2016,50,-43.050596,-65.191824,1,Finalizado,202111,"{""type"":""Point"",""coordinates"":[-65.191824,-43.050596]}"
EOL-202-10,P.E. LOMA BLANCA III,CHUBUT,EÓLICA,RESOLUCIÓN 202/2016,50,-43.050596,-65.191824,1,Finalizado,202111,"{""type"":""Point"",""coordinates"":[-65.191824,-43.050596]}"
EOL-22,P.E. GARAYALDE,CHUBUT,EÓLICA,RENOVAR RONDA 1,24.15,-44.54746389,-66.47598056,1,Finalizado,202111,"{""type"":""Point"",""coordinates"":[-66.47598056,-44.54746389]}"
EOL-3000,P.E. LA BALLENERA,BUENOS AIRES,EÓLICA,RENOVAR RONDA 3,12.9,-38.156646,-57.913479,0,No iniciado,202111,"{""type"":""Point"",""coordinates"":[-57.913479,-38.156646]}"
EOL-3001,P.E. LA BRAVITA,BUENOS AIRES,EÓLICA,RENOVAR RONDA 3,12.9,-38.106647,-57.731577,0,No iniciado,202111,"{""type"":""Point"",""coordinates"":[-57.731577,-38.106647]}"
EOL-3002,P.E. LA MARUCA,BUENOS AIRES,EÓLICA,RENOVAR RONDA 3,12.9,-37.795361,-57.638399,0,No iniciado,202111,"{""type"":""Point"",""coordinates"":[-57.638399,-37.795361]}"
EOL-3003,P.E. EL CARRIZAL,BUENOS AIRES,EÓLICA,RENOVAR RONDA 3,12.9,-36.4735,-56.766235,0,No iniciado,202111,"{""type"":""Point"",""coordinates"":[-56.766235,-36.4735]}"
EOL-3004,P.E. LOS PADRES,BUENOS AIRES,EÓLICA,RENOVAR RONDA 3,12.9,-37.982957,-57.737162,0,No iniciado,202111,"{""type"":""Point"",""coordinates"":[-57.737162,-37.982957]}"
EOL-3006,P.E. AIKE,SANTA CRUZ,EÓLICA,RENOVAR RONDA 3,12.9,-51.514786,-72.24658,0,No iniciado,202111,"{""type"":""Point"",""coordinates"":[-72.24658,-51.514786]}"
EOL-3009,P.E. GENERAL LEVALLE,CÓRDOBA,EÓLICA,RENOVAR RONDA 3,12.9,-34.033928,-63.918504,0,No iniciado,202111,"{""type"":""Point"",""coordinates"":[-63.918504,-34.033928]}"
EOL-3010,P.E. GUATRACHE,LA PAMPA,EÓLICA,RENOVAR RONDA 3,12.9,-37.619494,-63.613268,0,No iniciado,202111,"{""type"":""Point"",""coordinates"":[-63.613268,-37.619494]}"
EOL-3011,P.E. ANGUIL,LA PAMPA,EÓLICA,RENOVAR RONDA 3,12.9,-36.568805,-63.961563,0,No iniciado,202111,"{""type"":""Point"",""coordinates"":[-63.961563,-36.568805]}"
EOL-33,P.E. KOSTEN ,CHUBUT,EÓLICA,RENOVAR RONDA 1,24,-45.80548667,-68.0613475,1,Finalizado,202111,"{""type"":""Point"",""coordinates"":[-68.0613475,-45.80548667]}"
EOL-35,P.E. LA CASTELLANA,BUENOS AIRES,EÓLICA,RENOVAR RONDA 1,99,-38.64702786,-62.70841269,1,Finalizado,202111,"{""type"":""Point"",""coordinates"":[-62.70841269,-38.64702786]}"
EOL-44,P.E. CORTI,BUENOS AIRES,EÓLICA,RENOVAR RONDA 1,100,-38.66055833,-62.05227778,1,Finalizado,202111,"{""type"":""Point"",""coordinates"":[-62.05227778,-38.66055833]}"
EOL-46,P.E. ARAUCO II (ETAPA 1 Y 2),LA RIOJA,EÓLICA,RENOVAR RONDA 1,99.75,-28.73322778,-66.73385833,1,Finalizado,202111,"{""type"":""Point"",""coordinates"":[-66.73385833,-28.73322778]}"
GEN-BM-01,C.T. TABACAL,SALTA,BIOMASA,GENREN,32,-23.255341,-64.243349,1,Finalizado,202111,"{""type"":""Point"",""coordinates"":[-64.243349,-23.255341]}"
GEN-BM-02,C.T. ING.STA.BARBARA,TUCUMAN,BIOMASA,GENREN,8,-27.464977,-65.653724,1,Finalizado,202111,"{""type"":""Point"",""coordinates"":[-65.653724,-27.464977]}"
GEN-BRS-01,C.T. SAN MARTIN NORTE,BUENOS AIRES,BRS,GENREN,5,-34.525099,-58.620811,1,Finalizado,202111,"{""type"":""Point"",""coordinates"":[-58.620811,-34.525099]}"
GEN-BRS-02,C.T. SAN MIGUEL NORTE,BUENOS AIRES,BRS,GENREN,10,-34.525897,-58.618025,1,Finalizado,202111,"{""type"":""Point"",""coordinates"":[-58.618025,-34.525897]}"
GEN-EOL-01,P.E. LOMA BLANCA IV ,CHUBUT,EÓLICA,GENREN,51,-43.09212,-65.2314,1,Finalizado,202111,"{""type"":""Point"",""coordinates"":[-65.2314,-43.09212]}"
GEN-EOL-02,P.E. RAWSON I,CHUBUT,EÓLICA,GENREN,48.6,-43.34981,-65.17647,1,Finalizado,202111,"{""type"":""Point"",""coordinates"":[-65.17647,-43.34981]}"
GEN-EOL-03,P.E. RAWSON II ,CHUBUT,EÓLICA,GENREN,28.8,-43.34981,-65.17647,1,Finalizado,202111,"{""type"":""Point"",""coordinates"":[-65.17647,-43.34981]}"
GEN-PAH-01,P.A.H. LUJAN DE CUYO,MENDOZA,PAH,GENREN,1,-33.046515,-68.931375,1,Finalizado,202111,"{""type"":""Point"",""coordinates"":[-68.931375,-33.046515]}"
GEN-PAH-02,P.A.H. LA LUJANITA,MENDOZA,PAH,GENREN,1.7,-33.042785,-68.91142,1,Finalizado,202111,"{""type"":""Point"",""coordinates"":[-68.91142,-33.042785]}"
GEN-SFV-01,P.S. CHIMBERA I,SAN JUAN,SOLAR,GENREN,2,-31.987893,-68.540099,1,Finalizado,202111,"{""type"":""Point"",""coordinates"":[-68.540099,-31.987893]}"
GEN-SFV-02,P.S. CAÑADA HONDA I,SAN JUAN,SOLAR,GENREN,2,-31.987893,-68.540099,1,Finalizado,202111,"{""type"":""Point"",""coordinates"":[-68.540099,-31.987893]}"
GEN-SFV-03,P.S. CAÑADA HONDA II,SAN JUAN,SOLAR,GENREN,3,-31.987893,-68.540099,1,Finalizado,202111,"{""type"":""Point"",""coordinates"":[-68.540099,-31.987893]}"
MAT-EOL-01,P.E. RAWSON III,CHUBUT,EÓLICA,MATER,24,-43.37796944,-65.19341389,1,Finalizado,202111,"{""type"":""Point"",""coordinates"":[-65.19341389,-43.37796944]}"
MAT-EOL-02,P.E. ACHIRAS II,CÓRDOBA,EÓLICA,MATER,30,-33.23111111,-65.0725,1,Finalizado,202111,"{""type"":""Point"",""coordinates"":[-65.0725,-33.23111111]}"
MAT-EOL-02-A,P.E. ACHIRAS II-A,CÓRDOBA,EÓLICA,MATER,49.4,-33.23111111,-65.0725,1,Finalizado,202111,"{""type"":""Point"",""coordinates"":[-65.0725,-33.23111111]}"
MAT-EOL-03,P.E. ALUAR ETAPA I,CHUBUT,EÓLICA,MATER,50.4,-42.634236,-65.271561,1,Finalizado,202111,"{""type"":""Point"",""coordinates"":[-65.271561,-42.634236]}"
MAT-EOL-03-A,P.E. ALUAR ETAPA I-A,CHUBUT,EÓLICA,MATER-sPDD,10.8,-42.634236,-65.271561,1,Finalizado,202111,"{""type"":""Point"",""coordinates"":[-65.271561,-42.634236]}"
MAT-EOL-03-B,P.E. ALUAR ETAPA I-B,CHUBUT,EÓLICA,MATER-sPDD,7.6,-42.634236,-65.271561,1,Finalizado,202111,"{""type"":""Point"",""coordinates"":[-65.271561,-42.634236]}"
MAT-EOL-08,P.E. CHUBUT NORTE II,CHUBUT,EÓLICA,MATER-sPDD,28.8,-42.53682454,-65.09993939,1,Finalizado,202111,"{""type"":""Point"",""coordinates"":[-65.09993939,-42.53682454]}"
MAT-EOL-11,P.E. LA CASTELLANA II,BUENOS AIRES,EÓLICA,MATER,15.75,-38.61859722,-62.762025,1,Finalizado,202111,"{""type"":""Point"",""coordinates"":[-62.762025,-38.61859722]}"
MAT-EOL-14,P.E. PAMPA ENERGÍA,BUENOS AIRES,EÓLICA,MATER,50.4,-38.67849,-62.005244,1,Finalizado,202111,"{""type"":""Point"",""coordinates"":[-62.005244,-38.67849]}"
MAT-EOL-15,P.E. DE LA BAHIA,BUENOS AIRES,EÓLICA,MATER,28,-38.759,-61.7768,1,Finalizado,202111,"{""type"":""Point"",""coordinates"":[-61.7768,-38.759]}"
MAT-EOL-15-A,P.E. DE LA BAHIA-A,BUENOS AIRES,EÓLICA,MATER,20.51,-38.759,-61.7768,1,Finalizado,202111,"{""type"":""Point"",""coordinates"":[-61.7768,-38.759]}"
MAT-EOL-16,P.E. DEL BICENTENARIO II,SANTA CRUZ,EÓLICA,MATER,21.6,-47.32235833,-66.96935278,1,Finalizado,202111,"{""type"":""Point"",""coordinates"":[-66.96935278,-47.32235833]}"
MAT-EOL-17,P.E. ENERGÉTICA I- FASE II,BUENOS AIRES,EÓLICA,MATER,19.15,-38.34581111,-62.20966111,1,Finalizado,202111,"{""type"":""Point"",""coordinates"":[-62.20966111,-38.34581111]}"
MAT-EOL-18,P.E. MANANTIALES BEHR,CHUBUT,EÓLICA,MATER,99,-45.663852,-67.770912,1,Finalizado,202111,"{""type"":""Point"",""coordinates"":[-67.770912,-45.663852]}"
MAT-EOL-20,P.E. LA GENOVEVA II,BUENOS AIRES,EÓLICA,MATER,41.8,-38.526339,-61.9243,1,Finalizado,202111,"{""type"":""Point"",""coordinates"":[-61.9243,-38.526339]}"
MAT-EOL-27,P.E. LOS TEROS ,BUENOS AIRES,EÓLICA,MATER,72.2,-37.125321,-59.748092,1,Finalizado,202111,"{""type"":""Point"",""coordinates"":[-59.748092,-37.125321]}"
MAT-EOL-27-A,P.E. LOS TEROS-A,BUENOS AIRES,EÓLICA,MATER,50.35,-37.125321,-59.748092,1,Finalizado,202111,"{""type"":""Point"",""coordinates"":[-59.748092,-37.125321]}"
MAT-EOL-31,P.E. POMONA II,RÍO NEGRO,EÓLICA,MATER,11.7,-39.60358333,-65.77974722,1,Finalizado,202111,"{""type"":""Point"",""coordinates"":[-65.77974722,-39.60358333]}"
MAT-EOL-40,P.E. VILLALONGA II,BUENOS AIRES,EÓLICA,MATER,3.45,-40.038259,-62.65852,1,Finalizado,202111,"{""type"":""Point"",""coordinates"":[-62.65852,-40.038259]}"
MAT-EOL-53,P.E. LOS TEROS II,BUENOS AIRES,EÓLICA,MATER,49.8,-37.125321,-59.748092,1,Finalizado,202111,"{""type"":""Point"",""coordinates"":[-59.748092,-37.125321]}"
MAT-EOL-55,P.E. VIENTOS NEUQUINOS I,NEUQUÉN,EÓLICA,MATER,79.2,-39.71946505,-69.81263632,1,Finalizado,202111,"{""type"":""Point"",""coordinates"":[-69.81263632,-39.71946505]}"
MAT-EOL-68,P.E. AUTOGENERACIÓN ALUAR ETAPA II ,CHUBUT,EÓLICA,MATER-sPDD,50.4,-42.634236,-65.271561,1,Finalizado,202111,"{""type"":""Point"",""coordinates"":[-65.271561,-42.634236]}"
MAT-EOL-68-A,P.E. AUTOGENERACIÓN ALUAR ETAPA II-A,CHUBUT,EÓLICA,MATER-sPDD,45.6,-42.634236,-65.271561,1,Finalizado,202111,"{""type"":""Point"",""coordinates"":[-65.271561,-42.634236]}"
MAT-SFV-09,AMPLIACION P.S. VILLA DE MARIA DE RIO SECO,CÓRDOBA,SOLAR,MATER,10,-31.72007793,-65.03529633,0.7,En Construcción,202111,"{""type"":""Point"",""coordinates"":[-65.03529633,-31.72007793]}"
MAT-SFV-10,AMPLIACIÓN P.S. CURA BROCHERO,CÓRDOBA,SOLAR,MATER,8,-29.990175,-63.77225833,0.7,En Construcción,202111,"{""type"":""Point"",""coordinates"":[-63.77225833,-29.990175]}"
MAT-SFV-35,P.S. LOS DIAGUITAS,SAN JUAN,SOLAR,MATER,2,-31.369262,-68.456209,1,Finalizado,202111,"{""type"":""Point"",""coordinates"":[-68.456209,-31.369262]}"
MAT-SFV-37,P.S. PARQUE DE LOS LLANOS,LA RIOJA,SOLAR,MATER,12,-30.289493,-66.311411,1,Finalizado,202111,"{""type"":""Point"",""coordinates"":[-66.311411,-30.289493]}"
MAT-SFV-37-A,P.S. PARQUE DE LOS LLANOS-A,LA RIOJA,SOLAR,MATER,8,-30.289493,-66.311411,1,Finalizado,202111,"{""type"":""Point"",""coordinates"":[-66.311411,-30.289493]}"
MAT-SFV-41,P.S. SOLAR DE LOS ANDES,MENDOZA,SOLAR,MATER,5,-33.11044444,-68.19217222,1,Finalizado,202111,"{""type"":""Point"",""coordinates"":[-68.19217222,-33.11044444]}"
MAT-SFV-46,P.S. TAMBERÍAS,SAN JUAN,SOLAR,MATER,3,-31.3974,-69.46505556,1,Finalizado,202111,"{""type"":""Point"",""coordinates"":[-69.46505556,-31.3974]}"
MAT-SFV-50,P.S. ANCHIPURAC,SAN JUAN,SOLAR,MATER,3,-31.60146944,-68.65006111,1,Finalizado,202111,"{""type"":""Point"",""coordinates"":[-68.65006111,-31.60146944]}"
MAT-SFV-52,P.S. LA CUMBRE II,SAN LUIS,SOLAR,MATER,4,-33.32333333,-66.16887778,1,Finalizado,202111,"{""type"":""Point"",""coordinates"":[-66.16887778,-33.32333333]}"
MAT-SFV-54,P.S. ULLUM SOLARGEN 2,SAN JUAN,SOLAR,MATER,6.5,-31.39107222,-68.68025833,1,Finalizado,202111,"{""type"":""Point"",""coordinates"":[-68.68025833,-31.39107222]}"
MAT-SFV-62,P.S. CHEPES,LA RIOJA,SOLAR,MATER,2,-31.349828,-66.656827,1,Finalizado,202111,"{""type"":""Point"",""coordinates"":[-66.656827,-31.349828]}"
MAT-SFV-70,P.S. AGRITUR,SAN LUIS,SOLAR,MATER-sPDD,0.45,-32.13617222,-65.69961389,1,Finalizado,202111,"{""type"":""Point"",""coordinates"":[-65.69961389,-32.13617222]}"
MAT-SFV-87,P.S. LAS DIAGUITAS II,SAN JUAN,SOLAR,MATER,1,-31.37135556,-68.45668611,0.3,En Construcción,202111,"{""type"":""Point"",""coordinates"":[-68.45668611,-31.37135556]}"
PAH-01,P.A.H. CANAL CACIQUE GUAYMALLÉN - SALTO 8,MENDOZA,PAH,RENOVAR RONDA 1,1.2,-33.01631667,-68.87777222,1,Finalizado,202111,"{""type"":""Point"",""coordinates"":[-68.87777222,-33.01631667]}"
PAH-02,P.A.H. CANAL CACIQUE GUAYMALLÉN - SALTO 6,MENDOZA,PAH,RENOVAR RONDA 1,1.01,-33.032163,-68.8957277,1,Finalizado,202111,"{""type"":""Point"",""coordinates"":[-68.8957277,-33.032163]}"
PAH-03,P.A.H. DIQUE TIBURCIO BENEGAS,MENDOZA,PAH,RENOVAR RONDA 1,1.65,-33.24325556,-68.68080833,1,Finalizado,202111,"{""type"":""Point"",""coordinates"":[-68.68080833,-33.24325556]}"
PAH-04,P.A.H. TRIPLE SALTO UNIFICADO,MENDOZA,PAH,RENOVAR RONDA 1,0.51,-33.11026111,-68.51699167,1,Finalizado,202111,"{""type"":""Point"",""coordinates"":[-68.51699167,-33.11026111]}"
PAH-05,P.A.H. RIO ESCONDIDO,RÍO NEGRO,PAH,RENOVAR RONDA 1,7,-41.69150556,-71.56200556,1,Finalizado,202111,"{""type"":""Point"",""coordinates"":[-71.56200556,-41.69150556]}"
PAH-3701,P.A.H. CAMPO ALEGRE,SALTA,PAH,RENOVAR RONDA 3,0.91,-24.57613,-65.367256,0,No iniciado,202111,"{""type"":""Point"",""coordinates"":[-65.367256,-24.57613]}"
PAH-3702,P.A.H. LA CALERA,CÓRDOBA,PAH,RENOVAR RONDA 3,3,-31.352833,-64.3331,0,No iniciado,202111,"{""type"":""Point"",""coordinates"":[-64.3331,-31.352833]}"
PAH-3703,P.A.H. TUPUNGATO I,MENDOZA,PAH,RENOVAR RONDA 3,0.99,-33.389775,-69.318269,0.01,En Construcción,202111,"{""type"":""Point"",""coordinates"":[-69.318269,-33.389775]}"
PAH-3704,P.A.H. TUPUNGATO II,MENDOZA,PAH,RENOVAR RONDA 3,0.99,-33.325096,-69.27569,0.01,En Construcción,202111,"{""type"":""Point"",""coordinates"":[-69.27569,-33.325096]}"
PAH-3706,P.A.H. LA COPA,MENDOZA,PAH,RENOVAR RONDA 3,0.5,-33.045398,-68.979811,0.01,En Construcción,202111,"{""type"":""Point"",""coordinates"":[-68.979811,-33.045398]}"
PAH-3707,P.A.H. SALTO 9,MENDOZA,PAH,RENOVAR RONDA 3,0.99,-33.013079,-68.872936,0.03,En Construcción,202111,"{""type"":""Point"",""coordinates"":[-68.872936,-33.013079]}"
PAH-700,P.A.H. LAS TUNAS,MENDOZA,PAH,RENOVAR RONDA 2,10,-33.37534167,-69.37278333,0.15,En Construcción,202111,"{""type"":""Point"",""coordinates"":[-69.37278333,-33.37534167]}"
PAH-702,P.A.H. SALTO 7,MENDOZA,PAH,RENOVAR RONDA 2,1.2,-33.02686111,-68.88880556,1,Finalizado,202111,"{""type"":""Point"",""coordinates"":[-68.88880556,-33.02686111]}"
PAH-705,P.A.H. SALTO DE LA LOMA,SAN JUAN,PAH,MATER,0.7,-30.221,-68.77116667,0.99,En Construcción,202111,"{""type"":""Point"",""coordinates"":[-68.77116667,-30.221]}"
PAH-708,P.A.H. CRUZ DEL EJE,CÓRDOBA,PAH,RENOVAR RONDA 2,0.5,-30.74999167,-64.79606111,1,Finalizado,202111,"{""type"":""Point"",""coordinates"":[-64.79606111,-30.74999167]}"
PAH-709,P.A.H. BOCA DEL RIO,CÓRDOBA,PAH,RENOVAR RONDA 2,0.5,-31.91350278,-65.11294167,1,Finalizado,202111,"{""type"":""Point"",""coordinates"":[-65.11294167,-31.91350278]}"
PAH-710,P.A.H. PICHANAS,CÓRDOBA,PAH,RENOVAR RONDA 2,0.5,-30.90603611,-65.18553889,0.07,En Construcción,202111,"{""type"":""Point"",""coordinates"":[-65.18553889,-30.90603611]}"
PAH-712,P.A.H. LUNLUNTA,MENDOZA,PAH,RENOVAR RONDA 2,6.34,-33.04349424,-68.79790238,1,Finalizado,202111,"{""type"":""Point"",""coordinates"":[-68.79790238,-33.04349424]}"
PAH-714,P.A.H. SALTO 40,MENDOZA,PAH,RENOVAR RONDA 2,0.52,-32.90011944,-68.83596389,0,No iniciado,202111,"{""type"":""Point"",""coordinates"":[-68.83596389,-32.90011944]}"
PAH-715,P.A.H. SALTO 11,MENDOZA,PAH,RENOVAR RONDA 2,0.51,-33.00517555,-68.86850875,0.95,En Construcción,202111,"{""type"":""Point"",""coordinates"":[-68.86850875,-33.00517555]}"
SFV-1001,P.S. LAVALLE,MENDOZA,SOLAR,RENOVAR RONDA 1.5,17.6,-32.71495,-68.51653611,0.03,En Construcción,202111,"{""type"":""Point"",""coordinates"":[-68.51653611,-32.71495]}"
SFV-1002,P.S. LUJAN DE CUYO,MENDOZA,SOLAR,RENOVAR RONDA 1.5,22,-33.07156667,-69.05446111,0.03,En Construcción,202111,"{""type"":""Point"",""coordinates"":[-69.05446111,-33.07156667]}"
SFV-1004,P.S. LA PAZ,MENDOZA,SOLAR,RENOVAR RONDA 1.5,14.08,-33.47521944,-67.56291667,0.03,En Construcción,202111,"{""type"":""Point"",""coordinates"":[-67.56291667,-33.47521944]}"
SFV-1005,P.S. PASIP,MENDOZA,SOLAR,RENOVAR RONDA 1.5,1.15,-33.03788056,-68.54194722,1,Finalizado,202111,"{""type"":""Point"",""coordinates"":[-68.54194722,-33.03788056]}"
SFV-1006,P.S. GENERAL ALVEAR,MENDOZA,SOLAR,RENOVAR RONDA 1.5,17.6,-35.04015833,-67.66230278,0.03,En Construcción,202111,"{""type"":""Point"",""coordinates"":[-67.66230278,-35.04015833]}"
SFV-1012,P.S. CAFAYATE,SALTA,SOLAR,RENOVAR RONDA 1.5,80,-26.02555556,-65.93888889,1,Finalizado,202111,"{""type"":""Point"",""coordinates"":[-65.93888889,-26.02555556]}"
SFV-1015,P.S. NONOGASTA,LA RIOJA,SOLAR,RENOVAR RONDA 1.5,35,-29.32777778,-67.42388889,1,Finalizado,202111,"{""type"":""Point"",""coordinates"":[-67.42388889,-29.32777778]}"
SFV-1018,P.S. FIAMBALÁ,CATAMARCA,SOLAR,RENOVAR RONDA 1.5,11,-27.63083889,-67.63233333,1,Finalizado,202111,"{""type"":""Point"",""coordinates"":[-67.63233333,-27.63083889]}"
SFV-1020,P.S. TINOGASTA,CATAMARCA,SOLAR,RENOVAR RONDA 1.5,15,-28.03755278,-67.55464167,1,Finalizado,202111,"{""type"":""Point"",""coordinates"":[-67.55464167,-28.03755278]}"
SFV-1021,P.S. SAUJIL,CATAMARCA,SOLAR,RENOVAR RONDA 1.5,22.5,-28.16330556,-66.22683611,1,Finalizado,202111,"{""type"":""Point"",""coordinates"":[-66.22683611,-28.16330556]}"
SFV-1032,P.S. ULLUM III,SAN JUAN,SOLAR,RENOVAR RONDA 1.5,32,-31.37222222,-68.67305556,1,Finalizado,202111,"{""type"":""Point"",""coordinates"":[-68.67305556,-31.37222222]}"
SFV-1034,P.S. ANCHORIS,MENDOZA,SOLAR,RENOVAR RONDA 1.5,21.3,-33.30560278,-68.89276667,0.03,En Construcción,202111,"{""type"":""Point"",""coordinates"":[-68.89276667,-33.30560278]}"
SFV-1036,P.S. CALDENES DEL OESTE,SAN LUIS,SOLAR,RENOVAR RONDA 1.5,24.75,-33.29868333,-66.38711944,1,Finalizado,202111,"{""type"":""Point"",""coordinates"":[-66.38711944,-33.29868333]}"
SFV-1037,P.S. ULLUM IV,SAN JUAN,SOLAR,RENOVAR RONDA 1.5,13.5,-31.38460833,-68.67795278,1,Finalizado,202111,"{""type"":""Point"",""coordinates"":[-68.67795278,-31.38460833]}"
SFV-1041,P.S. LA CUMBRE,SAN LUIS,SOLAR,RENOVAR RONDA 1.5,22,-33.324908,-66.174025,1,Finalizado,202111,"{""type"":""Point"",""coordinates"":[-66.174025,-33.324908]}"
SFV-1045,P.S. ULLUM II,SAN JUAN,SOLAR,RENOVAR RONDA 1.5,25,-31.3287,-68.6757,1,Finalizado,202111,"{""type"":""Point"",""coordinates"":[-68.6757,-31.3287]}"
SFV-1046,P.S. ULLUM I,SAN JUAN,SOLAR,RENOVAR RONDA 1.5,25,-31.3325,-68.66698056,1,Finalizado,202111,"{""type"":""Point"",""coordinates"":[-68.66698056,-31.3325]}"
SFV-1049,P.S. IGLESIA - ESTANCIA GUAÑIZUIL,SAN JUAN,SOLAR,RENOVAR RONDA 1.5,80,-30.3573,-69.290625,1,Finalizado,202111,"{""type"":""Point"",""coordinates"":[-69.290625,-30.3573]}"
SFV-1057,P.S. LAS LOMITAS,SAN JUAN,SOLAR,RENOVAR RONDA 1.5,1.7,-31.406006,-68.476417,1,Finalizado,202111,"{""type"":""Point"",""coordinates"":[-68.476417,-31.406006]}"
SFV-13,P.S. LA PUNA,SALTA,SOLAR,RENOVAR RONDA 1,100,-24.14455,-66.91423056,1,Finalizado,202111,"{""type"":""Point"",""coordinates"":[-66.91423056,-24.14455]}"
SFV-200,P.S. TINOGASTA II,CATAMARCA,SOLAR,RENOVAR RONDA 2,6.96,-28.03919477,-67.55929367,1,Finalizado,202111,"{""type"":""Point"",""coordinates"":[-67.55929367,-28.03919477]}"
SFV-202,P.S. NONOGASTA IV,LA RIOJA,SOLAR,RENOVAR RONDA 2,1,-29.31234987,-67.42742023,0,No iniciado,202111,"{""type"":""Point"",""coordinates"":[-67.42742023,-29.31234987]}"
SFV-202-01,P.S. SOLARES DE LA PUNTA,SAN LUIS,SOLAR,RESOLUCIÓN 202/2016,5,-33.194444,-66.35055,1,Finalizado,202111,"{""type"":""Point"",""coordinates"":[-66.35055,-33.194444]}"
SFV-202-02,P.S. CERROS DEL SOL,SAN LUIS,SOLAR,RESOLUCIÓN 202/2016,5,-33.18764722,-66.35144444,1,Finalizado,202111,"{""type"":""Point"",""coordinates"":[-66.35144444,-33.18764722]}"
SFV-206,P.S. VILLA DOLORES,CÓRDOBA,SOLAR,RENOVAR RONDA 2,26.85,-31.96798294,-65.17601039,0,No iniciado,202111,"{""type"":""Point"",""coordinates"":[-65.17601039,-31.96798294]}"
SFV-207,P.S. TOCOTA,SAN JUAN,SOLAR,RENOVAR RONDA 2,72,-30.83278027,-69.44416334,0,No iniciado,202111,"{""type"":""Point"",""coordinates"":[-69.44416334,-30.83278027]}"
SFV-211,P.S. NONOGASTA II,LA RIOJA,SOLAR,RENOVAR RONDA 2,20.04,-29.31467227,-67.42770379,0,No iniciado,202111,"{""type"":""Point"",""coordinates"":[-67.42770379,-29.31467227]}"
SFV-212,P.S. AÑATUYA I,SANTIAGO DEL ESTERO,SOLAR,RENOVAR RONDA 2,6,-28.4372477,-62.85734273,0,No iniciado,202111,"{""type"":""Point"",""coordinates"":[-62.85734273,-28.4372477]}"
SFV-218,P.S. LA PIRKA,CATAMARCA,SOLAR,RENOVAR RONDA 2,100,-29.21575315,-65.04668066,0.09,En Construcción,202111,"{""type"":""Point"",""coordinates"":[-65.04668066,-29.21575315]}"
SFV-219,P.S. LOS ZORRITOS,CATAMARCA,SOLAR,RENOVAR RONDA 2,49.5,-28.81096288,-65.79111201,0.07,En Construcción,202111,"{""type"":""Point"",""coordinates"":[-65.79111201,-28.81096288]}"
SFV-224,P.S. ULLUM X,SAN JUAN,SOLAR,RENOVAR RONDA 2,100,-31.37186424,-68.67237987,0.09,En Construcción,202111,"{""type"":""Point"",""coordinates"":[-68.67237987,-31.37186424]}"
SFV-259,P.S. ALTIPLANO I,SALTA,SOLAR,RENOVAR RONDA 2,100,-24.14555556,-66.903075,1,Finalizado,202111,"{""type"":""Point"",""coordinates"":[-66.903075,-24.14555556]}"
SFV-264,P.S. VERANO CAPITAL SOLAR ONE,MENDOZA,SOLAR,RENOVAR RONDA 2,99.9,-33.16664873,-68.86758738,0,No iniciado,202111,"{""type"":""Point"",""coordinates"":[-68.86758738,-33.16664873]}"
SFV-266,P.S. ARROYO DEL CABRAL,CÓRDOBA,SOLAR,RENOVAR RONDA 2,40,-32.49661371,-63.42701079,0,No iniciado,202111,"{""type"":""Point"",""coordinates"":[-63.42701079,-32.49661371]}"
SFV-275,P.S. GUAÑIZUIL II A,SAN JUAN,SOLAR,RENOVAR RONDA 2,100,-30.36230345,-69.28004239,1,Finalizado,202111,"{""type"":""Point"",""coordinates"":[-69.28004239,-30.36230345]}"
SFV-284,P.S. ZAPATA,MENDOZA,SOLAR,RENOVAR RONDA 2,37,-33.48090022,-68.99681239,0,No iniciado,202111,"{""type"":""Point"",""coordinates"":[-68.99681239,-33.48090022]}"
SFV-300,P.S. V.MARIA DEL RIO SECO,CÓRDOBA,SOLAR,RENOVAR RONDA 2,20,-29.98414448,-63.77442788,0.7,En Construcción,202111,"{""type"":""Point"",""coordinates"":[-63.77442788,-29.98414448]}"
SFV-301,P.S. CURA BROCHERO,CÓRDOBA,SOLAR,RENOVAR RONDA 2,17,-31.72007793,-65.03529633,0.7,En Construcción,202111,"{""type"":""Point"",""coordinates"":[-65.03529633,-31.72007793]}"
SFV-3202,P.S. HELIOS SANTA ROSA PV,MENDOZA,SOLAR,RENOVAR RONDA 3,5,-33.311264,-68.044632,0,No iniciado,202111,"{""type"":""Point"",""coordinates"":[-68.044632,-33.311264]}"
SFV-3203,P.S. LOS ALAMOS,CATAMARCA,SOLAR,RENOVAR RONDA 3,9.25,-28.950618,-65.745753,0,No iniciado,202111,"{""type"":""Point"",""coordinates"":[-65.745753,-28.950618]}"
SFV-3205,P.S. DEL AMANECER,CATAMARCA,SOLAR,RENOVAR RONDA 3,9.5,-28.950618,-65.745753,0,No iniciado,202111,"{""type"":""Point"",""coordinates"":[-65.745753,-28.950618]}"
SFV-3206,P.S. ENERLAND SAN MARTIN,MENDOZA,SOLAR,RENOVAR RONDA 3,10,-33.084476,-68.44156,0,No iniciado,202111,"{""type"":""Point"",""coordinates"":[-68.44156,-33.084476]}"
SFV-3207,P.S. TINOGASTA TOZZI,CATAMARCA,SOLAR,RENOVAR RONDA 3,10,-28.09,-67.53,0,No iniciado,202111,"{""type"":""Point"",""coordinates"":[-67.53,-28.09]}"
SFV-3208,P.S. SAENZ PEÑA,CHACO,SOLAR,RENOVAR RONDA 3,10,-26.874002,-60.451564,0,No iniciado,202111,"{""type"":""Point"",""coordinates"":[-60.451564,-26.874002]}"
SFV-3209,P.S. CALCHAQUI,SANTA FE,SOLAR,RENOVAR RONDA 3,10,-29.89438,-60.271162,0,No iniciado,202111,"{""type"":""Point"",""coordinates"":[-60.271162,-29.89438]}"
SFV-3210,P.S. NOGOLI I,SAN LUIS,SOLAR,RENOVAR RONDA 3,10,-32.945556,-66.367222,0,No iniciado,202111,"{""type"":""Point"",""coordinates"":[-66.367222,-32.945556]}"
SFV-3211,P.S. SOLARES LA ANGOSTURA,SALTA,SOLAR,RENOVAR RONDA 3,2,-25.535755,-66.215094,0,No iniciado,202111,"{""type"":""Point"",""coordinates"":[-66.215094,-25.535755]}"
SFV-3214,P.S. CAPDEVILLE - LAS HERAS,MENDOZA,SOLAR,RENOVAR RONDA 3,2,-32.78984722,-68.84819722,0.01,En Construcción,202111,"{""type"":""Point"",""coordinates"":[-68.84819722,-32.78984722]}"
SFV-3216,P.S. ALGARROBO,SAN JUAN,SOLAR,RENOVAR RONDA 3,5.5,-31.7539,-68.2548,0,No iniciado,202111,"{""type"":""Point"",""coordinates"":[-68.2548,-31.7539]}"
SFV-3217,P.S. LA CUMBRE III,SAN LUIS,SOLAR,RENOVAR RONDA 3,10,-33.347886,-66.1206,0,No iniciado,202111,"{""type"":""Point"",""coordinates"":[-66.1206,-33.347886]}"
SFV-38,P.S. CAUCHARI I,JUJUY,SOLAR,RENOVAR RONDA 1,100,-24.10130833,-66.73001389,1,Finalizado,202111,"{""type"":""Point"",""coordinates"":[-66.73001389,-24.10130833]}"
SFV-39,P.S. CAUCHARI II,JUJUY,SOLAR,RENOVAR RONDA 1,100,-24.09514444,-66.73580278,1,Finalizado,202111,"{""type"":""Point"",""coordinates"":[-66.73580278,-24.09514444]}"
SFV-40,P.S. CAUCHARI III,JUJUY,SOLAR,RENOVAR RONDA 1,100,-24.09072778,-66.74044722,1,Finalizado,202111,"{""type"":""Point"",""coordinates"":[-66.74044722,-24.09072778]}"
SPT-BM-01,C.T. A.P. PTO PIRAY,MISIONES,BIOMASA,SPOT,38,-26.480686,-54.71653,1,Finalizado,202111,"{""type"":""Point"",""coordinates"":[-54.71653,-26.480686]}"
SPT-BM-02,C.T. LA PROVIDENCIA ARCOR,TUCUMAN,BIOMASA,SPOT,11,-27.264308,-65.567696,1,Finalizado,202111,"{""type"":""Point"",""coordinates"":[-65.567696,-27.264308]}"
SPT-BM-03,C.T. NIDERA,BUENOS AIRES,BIOMASA,SPOT,7,-34.585651,-61.029968,1,Finalizado,202111,"{""type"":""Point"",""coordinates"":[-61.029968,-34.585651]}"
SPT-PAH-01,P.A.H CASSAFFOUSTH,CÓRDOBA,PAH,SPOT,17,-32.175661,-64.373665,1,Finalizado,202111,"{""type"":""Point"",""coordinates"":[-64.373665,-32.175661]}"
SPT-PAH-02,P.A.H. CRUZ DEL EJE,CÓRDOBA,PAH,SPOT,1.1,-30.763695,-64.753591,1,Finalizado,202111,"{""type"":""Point"",""coordinates"":[-64.753591,-30.763695]}"
SPT-PAH-03,P.A.H. FITZ SIMON,CÓRDOBA,PAH,SPOT,11,-32.178275,-64.420883,1,Finalizado,202111,"{""type"":""Point"",""coordinates"":[-64.420883,-32.178275]}"
SPT-PAH-04,P.A.H. LOS MOLINOS II,CÓRDOBA,PAH,SPOT,4.5,-31.843309,-64.414831,1,Finalizado,202111,"{""type"":""Point"",""coordinates"":[-64.414831,-31.843309]}"
SPT-PAH-05,P.A.H. LA VIÑA,CÓRDOBA,PAH,SPOT,16,-31.871396,-65.036397,1,Finalizado,202111,"{""type"":""Point"",""coordinates"":[-65.036397,-31.871396]}"
SPT-PAH-06,P.A.H. PIEDRAS MORAS,CÓRDOBA,PAH,SPOT,6.3,-32.166493,-64.244426,1,Finalizado,202111,"{""type"":""Point"",""coordinates"":[-64.244426,-32.166493]}"
SPT-PAH-07,P.A.H. SAN ROQUE,CÓRDOBA,PAH,SPOT,26,-31.353242,-64.393694,1,Finalizado,202111,"{""type"":""Point"",""coordinates"":[-64.393694,-31.353242]}"
SPT-PAH-08,P.A.H. LAS MADERAS,JUJUY,PAH,SPOT,30.6,-24.449614,-65.250271,1,Finalizado,202111,"{""type"":""Point"",""coordinates"":[-65.250271,-24.449614]}"
SPT-PAH-09,P.A.H. RIO REYES,JUJUY,PAH,SPOT,7,-24.43093,-65.277015,1,Finalizado,202111,"{""type"":""Point"",""coordinates"":[-65.277015,-24.43093]}"
SPT-PAH-10,P.A.H. CARRIZAL,MENDOZA,PAH,SPOT,17,-33.298542,-68.721355,1,Finalizado,202111,"{""type"":""Point"",""coordinates"":[-68.721355,-33.298542]}"
SPT-PAH-11,P.A.H. LOS CORONELES,MENDOZA,PAH,SPOT,6.6,-34.599503,-68.533562,1,Finalizado,202111,"{""type"":""Point"",""coordinates"":[-68.533562,-34.599503]}"
SPT-PAH-12,P.A.H. EL TIGRE,MENDOZA,PAH,SPOT,14,-34.608444,-68.613249,1,Finalizado,202111,"{""type"":""Point"",""coordinates"":[-68.613249,-34.608444]}"
SPT-PAH-13,P.A.H. SAN MARTIN,MENDOZA,PAH,SPOT,6.5,-33.045026,-68.921997,1,Finalizado,202111,"{""type"":""Point"",""coordinates"":[-68.921997,-33.045026]}"
SPT-PAH-14,P.A.H. CESPEDES,RÍO NEGRO,PAH,SPOT,5.52,-39.488002,-65.609639,1,Finalizado,202111,"{""type"":""Point"",""coordinates"":[-65.609639,-39.488002]}"
SPT-PAH-15,P.A.H. CIPOLLETTI,RÍO NEGRO,PAH,SPOT,5.72,-38.913203,-67.941997,1,Finalizado,202111,"{""type"":""Point"",""coordinates"":[-67.941997,-38.913203]}"
SPT-PAH-16,P.A.H. JULIAN ROMERO,RÍO NEGRO,PAH,SPOT,6.2,-38.836511,-68.037715,1,Finalizado,202111,"{""type"":""Point"",""coordinates"":[-68.037715,-38.836511]}"
SPT-PAH-17,P.A.H. EL TUNAL,SALTA,PAH,SPOT,11.3,-25.232627,-64.477594,1,Finalizado,202111,"{""type"":""Point"",""coordinates"":[-64.477594,-25.232627]}"
SPT-PAH-18,P.A.H. CUESTA DEL VIENTO,SAN JUAN,PAH,SPOT,11,-30.196055,-69.062544,1,Finalizado,202111,"{""type"":""Point"",""coordinates"":[-69.062544,-30.196055]}"
SPT-PAH-19,P.A.H. SALTO DE LA LOMA,SAN JUAN,PAH,SPOT,0.55,-30.182586,-68.988085,1,Finalizado,202111,"{""type"":""Point"",""coordinates"":[-68.988085,-30.182586]}"
SPT-PAH-20,P.A.H. SAN GUILLERMO,SAN JUAN,PAH,SPOT,0.1,-29.256122,-69.352296,1,Finalizado,202111,"{""type"":""Point"",""coordinates"":[-69.352296,-29.256122]}"
SPT-PAH-21,P.A.H. LOS DIVISADEROS,LA PAMPA,PAH,SPOT,10,-37.871534,-67.694645,1,Finalizado,202111,"{""type"":""Point"",""coordinates"":[-67.694645,-37.871534]}"
SPT-PAH-22,P.A.H. LOS QUIROGA,SANTIAGO DEL ESTERO,PAH,SPOT,2,-27.651142,-64.361927,1,Finalizado,202111,"{""type"":""Point"",""coordinates"":[-64.361927,-27.651142]}"
SPT-PAH-23,P.A.H. RÍO HONDO,SANTIAGO DEL ESTERO,PAH,SPOT,17,-27.522662,-64.886313,1,Finalizado,202111,"{""type"":""Point"",""coordinates"":[-64.886313,-27.522662]}"
SPT-PAH-24,P.A.H. CADILLAL,TUCUMAN,PAH,SPOT,14,-26.616701,-65.19305,1,Finalizado,202111,"{""type"":""Point"",""coordinates"":[-65.19305,-26.616701]}"
SPT-PAH-25,P.A.H. ESCABA,TUCUMAN,PAH,SPOT,24,-27.65936,-65.762917,1,Finalizado,202111,"{""type"":""Point"",""coordinates"":[-65.762917,-27.65936]}"
SPT-PAH-26,P.A.H. PUEBLO VIEJO,TUCUMAN,PAH,SPOT,16,-27.145143,-65.751749,1,Finalizado,202111,"{""type"":""Point"",""coordinates"":[-65.751749,-27.145143]}"
SPT-PAH-27,P.A.H. F. AMEGHINO,CHUBUT,PAH,SPOT,58,-43.699955,-66.483045,1,Finalizado,202111,"{""type"":""Point"",""coordinates"":[-66.483045,-43.699955]}"
SPT-PAH-28,P.A.H. BENJAMIN REOLIN,CÓRDOBA,PAH,SPOT,38,-32.228898,-64.441106,1,Finalizado,202111,"{""type"":""Point"",""coordinates"":[-64.441106,-32.228898]}"
SPT-PAH-29,P.A.H. QUEBRADA ULLUM ,SAN JUAN,PAH,SPOT,45,-31.474165,-68.649661,1,Finalizado,202111,"{""type"":""Point"",""coordinates"":[-68.649661,-31.474165]}"
SPT-PAH-30,P.A.H. ULLUM ,SAN JUAN,PAH,SPOT,43.6,-31.455696,-68.755712,1,Finalizado,202111,"{""type"":""Point"",""coordinates"":[-68.755712,-31.455696]}"
SPT-PAH-31,P.A.H. LOMA ATRAVESADA,RÍO NEGRO,PAH,SPOT,2,-39.471939,-68.82682,1,Finalizado,202111,"{""type"":""Point"",""coordinates"":[-68.82682,-39.471939]}"
SPT-PAH-32,P.A.H. CACHEUTA VI,MENDOZA,PAH,SPOT,9,-33.007337,-69.1250206,1,Finalizado,202111,"{""type"":""Point"",""coordinates"":[-69.1250206,-33.007337]}"
SPT-PAH-34,P.A.H. SEMINO,SANTA FE,PAH,SPOT,1.7,-32.854194,-61.17259,1,Finalizado,202111,"{""type"":""Point"",""coordinates"":[-61.17259,-32.854194]}"
